{
    "accuracy": 0.7863796980404755,
    "precision": 0.7777049180327869,
    "recall": 0.7843915343915344,
    "auc": 0.8693452587503181
}