{
    "accuracy": 0.779491133384734,
    "precision": 0.7705559906029757,
    "recall": 0.7790973871733967,
    "auc": 0.8664851732812707
}