{
    "accuracy": 0.7791056283731689,
    "precision": 0.76953125,
    "recall": 0.779889152810768,
    "auc": 0.8630352523091182
}