{
    "accuracy": 0.7929838087895142,
    "precision": 0.7800925925925926,
    "recall": 0.8004750593824228,
    "auc": 0.8719311645736334
}